{"cameraMode":{"drawMode":0,"name":"Shaded","section":"Shading Mode"},"sceneLighting":false,"audioPlay":false,"sceneViewState":{"m_AlwaysRefresh":false,"showFog":true,"showSkybox":false,"showFlares":true,"showImageEffects":true,"showParticleSystems":true,"showVisualEffectGraphs":true,"m_FxEnabled":true},"in2DMode":false,"pivot":{"x":0.0259397029876709,"y":2.701280117034912,"z":-0.09552597999572754},"rotation":{"x":0.0973217785358429,"y":0.028996611014008523,"z":-0.0032758491579443218,"w":0.9951201677322388},"size":3.2493839263916017,"orthographic":false}