{"cameraMode":{"drawMode":0,"name":"Shaded","section":"Shading Mode"},"sceneLighting":false,"audioPlay":false,"sceneViewState":{"m_AlwaysRefresh":false,"showFog":true,"showSkybox":true,"showFlares":true,"showImageEffects":true,"showParticleSystems":true,"showVisualEffectGraphs":true,"m_FxEnabled":true},"in2DMode":false,"pivot":{"x":-1.8395984172821046,"y":-3.2475266456604006,"z":-12.001811027526856},"rotation":{"x":-0.025171009823679925,"y":-0.9654778242111206,"z":0.23964186012744904,"w":-0.10106661915779114},"size":4.819277286529541,"orthographic":false}