{"cameraMode":{"drawMode":0,"name":"Shaded","section":"Shading Mode"},"sceneLighting":false,"audioPlay":false,"sceneViewState":{"m_AlwaysRefresh":false,"showFog":true,"showSkybox":false,"showFlares":true,"showImageEffects":true,"showParticleSystems":true,"showVisualEffectGraphs":true,"m_FxEnabled":true},"in2DMode":false,"pivot":{"x":-7.80783748626709,"y":14.372182846069336,"z":-2.354752540588379},"rotation":{"x":0.062422554939985278,"y":-0.9309713840484619,"z":0.30643531680107119,"w":0.18939252197742463},"size":17.843015670776368,"orthographic":false}