{"cameraMode":{"drawMode":0,"name":"Shaded","section":"Shading Mode"},"sceneLighting":false,"audioPlay":false,"sceneViewState":{"m_AlwaysRefresh":false,"showFog":true,"showSkybox":false,"showFlares":true,"showImageEffects":true,"showParticleSystems":true,"showVisualEffectGraphs":true,"m_FxEnabled":true},"in2DMode":false,"pivot":{"x":-12.785232543945313,"y":-11.708104133605957,"z":-36.18733596801758},"rotation":{"x":-0.022356770932674409,"y":0.9776794910430908,"z":-0.16245903074741364,"w":-0.13277649879455567},"size":48.72555160522461,"orthographic":false}