{"cameraMode":{"drawMode":0,"name":"Shaded","section":"Shading Mode"},"sceneLighting":false,"audioPlay":false,"sceneViewState":{"m_AlwaysRefresh":false,"showFog":true,"showSkybox":false,"showFlares":true,"showImageEffects":true,"showParticleSystems":true,"showVisualEffectGraphs":true,"m_FxEnabled":true},"in2DMode":false,"pivot":{"x":-23.474777221679689,"y":235.1899871826172,"z":-208.67308044433595},"rotation":{"x":-0.012374685145914555,"y":0.9582762122154236,"z":-0.042018916457891467,"w":-0.2836329936981201},"size":169.88584899902345,"orthographic":false}