{"cameraMode":{"drawMode":0,"name":"Shaded","section":"Shading Mode"},"sceneLighting":false,"audioPlay":false,"sceneViewState":{"m_AlwaysRefresh":false,"showFog":true,"showSkybox":false,"showFlares":true,"showImageEffects":true,"showParticleSystems":true,"showVisualEffectGraphs":true,"m_FxEnabled":true},"in2DMode":false,"pivot":{"x":-10.584213256835938,"y":-76.0140380859375,"z":14.624336242675782},"rotation":{"x":0.3702838718891144,"y":0.09419619292020798,"z":-0.038155730813741687,"w":0.9236754775047302},"size":266.32684326171877,"orthographic":false}