{"cameraMode":{"drawMode":0,"name":"Shaded","section":"Shading Mode"},"sceneLighting":false,"audioPlay":false,"sceneViewState":{"m_AlwaysRefresh":false,"showFog":true,"showSkybox":false,"showFlares":true,"showImageEffects":true,"showParticleSystems":true,"showVisualEffectGraphs":true,"m_FxEnabled":true},"in2DMode":false,"pivot":{"x":-23.980253219604493,"y":14.213726043701172,"z":10.981197357177735},"rotation":{"x":0.04326687753200531,"y":0.2950567305088043,"z":-0.013404815457761288,"w":0.9546092748641968},"size":36.69377899169922,"orthographic":false}